"filename", "language", "TypeScript", "Markdown", "Vue", "JSON with Comments", "JSON", "YAML", "JavaScript", "HTML", "comment", "blank", "total"
"/Users/vu/polarisec.com/.github/workflows/cd.yml", "YAML", 0, 0, 0, 0, 0, 27, 0, 0, 0, 9, 36
"/Users/vu/polarisec.com/README.md", "Markdown", 0, 40, 0, 0, 0, 0, 0, 0, 0, 34, 74
"/Users/vu/polarisec.com/components/PButton.vue", "Vue", 0, 0, 64, 0, 0, 0, 0, 0, 0, 14, 78
"/Users/vu/polarisec.com/components/PFooter.vue", "Vue", 0, 0, 185, 0, 0, 0, 0, 0, 0, 16, 201
"/Users/vu/polarisec.com/components/PInput.vue", "Vue", 0, 0, 24, 0, 0, 0, 0, 0, 0, 8, 32
"/Users/vu/polarisec.com/components/PNavbar.vue", "Vue", 0, 0, 196, 0, 0, 0, 0, 0, 1, 38, 235
"/Users/vu/polarisec.com/components/PSelect.vue", "Vue", 0, 0, 149, 0, 0, 0, 0, 0, 0, 21, 170
"/Users/vu/polarisec.com/components/PToggleButton.vue", "Vue", 0, 0, 95, 0, 0, 0, 0, 0, 4, 20, 119
"/Users/vu/polarisec.com/docs/200.html", "HTML", 0, 0, 0, 0, 0, 0, 0, 9, 0, 1, 10
"/Users/vu/polarisec.com/docs/404.html", "HTML", 0, 0, 0, 0, 0, 0, 0, 9, 0, 1, 10
"/Users/vu/polarisec.com/docs/_nuxt/0290823.js", "JavaScript", 0, 0, 0, 0, 0, 0, 1, 0, 0, 0, 1
"/Users/vu/polarisec.com/docs/_nuxt/15ab672.js", "JavaScript", 0, 0, 0, 0, 0, 0, 1, 0, 0, 0, 1
"/Users/vu/polarisec.com/docs/_nuxt/24efc25.js", "JavaScript", 0, 0, 0, 0, 0, 0, 1, 0, 0, 0, 1
"/Users/vu/polarisec.com/docs/_nuxt/51992bd.js", "JavaScript", 0, 0, 0, 0, 0, 0, 1, 0, 0, 1, 2
"/Users/vu/polarisec.com/docs/_nuxt/5c4ad75.js", "JavaScript", 0, 0, 0, 0, 0, 0, 1, 0, 0, 0, 1
"/Users/vu/polarisec.com/docs/_nuxt/6fe7b93.js", "JavaScript", 0, 0, 0, 0, 0, 0, 1, 0, 0, 0, 1
"/Users/vu/polarisec.com/docs/_nuxt/81dd964.js", "JavaScript", 0, 0, 0, 0, 0, 0, 1, 0, 0, 0, 1
"/Users/vu/polarisec.com/docs/_nuxt/9650965.js", "JavaScript", 0, 0, 0, 0, 0, 0, 1, 0, 1, 0, 2
"/Users/vu/polarisec.com/docs/_nuxt/9bfbe30.js", "JavaScript", 0, 0, 0, 0, 0, 0, 1, 0, 0, 0, 1
"/Users/vu/polarisec.com/docs/_nuxt/cc2b133.js", "JavaScript", 0, 0, 0, 0, 0, 0, 1, 0, 0, 0, 1
"/Users/vu/polarisec.com/docs/_nuxt/edea2c1.js", "JavaScript", 0, 0, 0, 0, 0, 0, 1, 0, 0, 1, 2
"/Users/vu/polarisec.com/docs/_nuxt/f2ee53e.js", "JavaScript", 0, 0, 0, 0, 0, 0, 1, 0, 0, 1, 2
"/Users/vu/polarisec.com/docs/_nuxt/f3de868.js", "JavaScript", 0, 0, 0, 0, 0, 0, 1, 0, 0, 0, 1
"/Users/vu/polarisec.com/docs/_nuxt/f445ce2.js", "JavaScript", 0, 0, 0, 0, 0, 0, 1, 0, 2, 0, 3
"/Users/vu/polarisec.com/docs/_nuxt/f67142e.js", "JavaScript", 0, 0, 0, 0, 0, 0, 1, 0, 0, 0, 1
"/Users/vu/polarisec.com/docs/company/index.html", "HTML", 0, 0, 0, 0, 0, 0, 0, 9, 0, 1, 10
"/Users/vu/polarisec.com/docs/contact/index.html", "HTML", 0, 0, 0, 0, 0, 0, 0, 9, 0, 1, 10
"/Users/vu/polarisec.com/docs/home/index.html", "HTML", 0, 0, 0, 0, 0, 0, 0, 9, 0, 1, 10
"/Users/vu/polarisec.com/docs/index.html", "HTML", 0, 0, 0, 0, 0, 0, 0, 9, 0, 1, 10
"/Users/vu/polarisec.com/docs/partner/index.html", "HTML", 0, 0, 0, 0, 0, 0, 0, 9, 0, 1, 10
"/Users/vu/polarisec.com/docs/pricing/index.html", "HTML", 0, 0, 0, 0, 0, 0, 0, 9, 0, 1, 10
"/Users/vu/polarisec.com/docs/questions/index.html", "HTML", 0, 0, 0, 0, 0, 0, 0, 9, 0, 1, 10
"/Users/vu/polarisec.com/docs/recommendation/index.html", "HTML", 0, 0, 0, 0, 0, 0, 0, 9, 0, 1, 10
"/Users/vu/polarisec.com/docs/terms/index.html", "HTML", 0, 0, 0, 0, 0, 0, 0, 9, 0, 1, 10
"/Users/vu/polarisec.com/docs/whyus/index.html", "HTML", 0, 0, 0, 0, 0, 0, 0, 9, 0, 1, 10
"/Users/vu/polarisec.com/layouts/404/index.vue", "Vue", 0, 0, 46, 0, 0, 0, 0, 0, 0, 9, 55
"/Users/vu/polarisec.com/layouts/company/CompanyBanner.vue", "Vue", 0, 0, 28, 0, 0, 0, 0, 0, 0, 7, 35
"/Users/vu/polarisec.com/layouts/company/CompanyCertifications.vue", "Vue", 0, 0, 104, 0, 0, 0, 0, 0, 0, 12, 116
"/Users/vu/polarisec.com/layouts/company/CompanyInfo.vue", "Vue", 0, 0, 41, 0, 0, 0, 0, 0, 0, 10, 51
"/Users/vu/polarisec.com/layouts/company/CompanyTeams.vue", "Vue", 0, 0, 101, 0, 0, 0, 0, 0, 0, 17, 118
"/Users/vu/polarisec.com/layouts/default.vue", "Vue", 0, 0, 35, 0, 0, 0, 0, 0, 8, 6, 49
"/Users/vu/polarisec.com/layouts/home/HomeArtificialIntelligence.vue", "Vue", 0, 0, 50, 0, 0, 0, 0, 0, 0, 14, 64
"/Users/vu/polarisec.com/layouts/home/HomeBanner.vue", "Vue", 0, 0, 67, 0, 0, 0, 0, 0, 0, 12, 79
"/Users/vu/polarisec.com/layouts/home/HomeIntroduce.vue", "Vue", 0, 0, 75, 0, 0, 0, 0, 0, 0, 13, 88
"/Users/vu/polarisec.com/layouts/home/HomeNewsletter.vue", "Vue", 0, 0, 49, 0, 0, 0, 0, 0, 0, 11, 60
"/Users/vu/polarisec.com/layouts/home/HomeSlider.vue", "Vue", 0, 0, 164, 0, 0, 0, 0, 0, 0, 31, 195
"/Users/vu/polarisec.com/layouts/home/HomeThreatIntelligence.vue", "Vue", 0, 0, 50, 0, 0, 0, 0, 0, 0, 13, 63
"/Users/vu/polarisec.com/layouts/home/HomeVideoIntroduce.vue", "Vue", 0, 0, 79, 0, 0, 0, 0, 0, 2, 17, 98
"/Users/vu/polarisec.com/layouts/home/HomeWebApplicationSecurity.vue", "Vue", 0, 0, 50, 0, 0, 0, 0, 0, 0, 13, 63
"/Users/vu/polarisec.com/layouts/partner/ContactSale.vue", "Vue", 0, 0, 54, 0, 0, 0, 0, 0, 0, 12, 66
"/Users/vu/polarisec.com/layouts/partner/OurJoinMission.vue", "Vue", 0, 0, 45, 0, 0, 0, 0, 0, 0, 9, 54
"/Users/vu/polarisec.com/layouts/partner/OurPartners.vue", "Vue", 0, 0, 136, 0, 0, 0, 0, 0, 0, 15, 151
"/Users/vu/polarisec.com/layouts/partner/PartnerTypes.vue", "Vue", 0, 0, 57, 0, 0, 0, 0, 0, 0, 7, 64
"/Users/vu/polarisec.com/layouts/partner/WhyChoosePolaris.vue", "Vue", 0, 0, 71, 0, 0, 0, 0, 0, 0, 8, 79
"/Users/vu/polarisec.com/layouts/platform/WebProtectionPlatformScreen.vue", "Vue", 0, 0, 130, 0, 0, 0, 0, 0, 0, 12, 142
"/Users/vu/polarisec.com/layouts/pricing/PricingAddOns.vue", "Vue", 0, 0, 60, 0, 0, 0, 0, 0, 0, 8, 68
"/Users/vu/polarisec.com/layouts/pricing/PricingAddOnsService.vue", "Vue", 0, 0, 423, 0, 0, 0, 0, 0, 0, 29, 452
"/Users/vu/polarisec.com/layouts/pricing/PricingAddOnsTable.vue", "Vue", 0, 0, 224, 0, 0, 0, 0, 0, 0, 24, 248
"/Users/vu/polarisec.com/layouts/pricing/PricingAddOnsThreatIntelligence.vue", "Vue", 0, 0, 96, 0, 0, 0, 0, 0, 0, 17, 113
"/Users/vu/polarisec.com/layouts/pricing/PricingAddOnsZeroTrustAccess.vue", "Vue", 0, 0, 180, 0, 0, 0, 0, 0, 0, 20, 200
"/Users/vu/polarisec.com/layouts/pricing/PricingBanner.vue", "Vue", 0, 0, 81, 0, 0, 0, 0, 0, 0, 15, 96
"/Users/vu/polarisec.com/layouts/pricing/PricingDetails.vue", "Vue", 0, 0, 65, 0, 0, 0, 0, 0, 0, 13, 78
"/Users/vu/polarisec.com/layouts/pricing/PricingFAQ.vue", "Vue", 0, 0, 85, 0, 0, 0, 0, 0, 0, 13, 98
"/Users/vu/polarisec.com/layouts/pricing/PricingOverview.vue", "Vue", 0, 0, 1369, 0, 0, 0, 0, 0, 0, 40, 1409
"/Users/vu/polarisec.com/layouts/pricing/screen_mobile_device/PricingAddons.vue", "Vue", 0, 0, 58, 0, 0, 0, 0, 0, 0, 11, 69
"/Users/vu/polarisec.com/layouts/pricing/screen_mobile_device/PricingContactSales.vue", "Vue", 0, 0, 31, 0, 0, 0, 0, 0, 0, 5, 36
"/Users/vu/polarisec.com/layouts/pricing/screen_mobile_device/PricingDetail.vue", "Vue", 0, 0, 342, 0, 0, 0, 0, 0, 0, 20, 362
"/Users/vu/polarisec.com/layouts/pricing/screen_mobile_device/PricingIntro.vue", "Vue", 0, 0, 34, 0, 0, 0, 0, 0, 0, 5, 39
"/Users/vu/polarisec.com/layouts/pricing/screen_mobile_device/PricingPanel.vue", "Vue", 0, 0, 18, 0, 0, 0, 0, 0, 0, 6, 24
"/Users/vu/polarisec.com/layouts/pricing/screen_mobile_device/PricingScreen.vue", "Vue", 0, 0, 18, 0, 0, 0, 0, 0, 0, 6, 24
"/Users/vu/polarisec.com/layouts/pricing/screen_mobile_device/PricingTable.vue", "Vue", 0, 0, 50, 0, 0, 0, 0, 0, 0, 8, 58
"/Users/vu/polarisec.com/layouts/question/Introduction.vue", "Vue", 0, 0, 33, 0, 0, 0, 0, 0, 0, 7, 40
"/Users/vu/polarisec.com/layouts/question/Question.vue", "Vue", 0, 0, 99, 0, 0, 0, 0, 0, 0, 22, 121
"/Users/vu/polarisec.com/layouts/question/QuestionBoxMobile.vue", "Vue", 0, 0, 48, 0, 0, 0, 0, 0, 0, 12, 60
"/Users/vu/polarisec.com/layouts/question/QuestionMobileScreen.vue", "Vue", 0, 0, 61, 0, 0, 0, 0, 0, 0, 9, 70
"/Users/vu/polarisec.com/layouts/recommendation/RecommendationMobileScreen.vue", "Vue", 0, 0, 61, 0, 0, 0, 0, 0, 0, 8, 69
"/Users/vu/polarisec.com/layouts/services/Benefit.vue", "Vue", 0, 0, 43, 0, 0, 0, 0, 0, 0, 8, 51
"/Users/vu/polarisec.com/layouts/services/GDPRaudit/GDPRAuditScreen.vue", "Vue", 0, 0, 50, 0, 0, 0, 0, 0, 0, 8, 58
"/Users/vu/polarisec.com/layouts/services/GDPRaudit/WhatWeDo.vue", "Vue", 0, 0, 136, 0, 0, 0, 0, 0, 0, 15, 151
"/Users/vu/polarisec.com/layouts/services/ISMA/Assessment.vue", "Vue", 0, 0, 53, 0, 0, 0, 0, 0, 0, 10, 63
"/Users/vu/polarisec.com/layouts/services/ISMA/Dimensions.vue", "Vue", 0, 0, 90, 0, 0, 0, 0, 0, 0, 11, 101
"/Users/vu/polarisec.com/layouts/services/ISMA/ISMAScreen.vue", "Vue", 0, 0, 19, 0, 0, 0, 0, 0, 0, 6, 25
"/Users/vu/polarisec.com/layouts/services/ISO27001audit/ISO27001AuditScreen.vue", "Vue", 0, 0, 55, 0, 0, 0, 0, 0, 0, 8, 63
"/Users/vu/polarisec.com/layouts/services/ISO27001audit/WhatWeDo.vue", "Vue", 0, 0, 43, 0, 0, 0, 0, 0, 0, 7, 50
"/Users/vu/polarisec.com/layouts/services/IncidentResponse/IncidentResponseScreen.vue", "Vue", 0, 0, 52, 0, 0, 0, 0, 0, 0, 10, 62
"/Users/vu/polarisec.com/layouts/services/IncidentResponse/WhatWeDo.vue", "Vue", 0, 0, 85, 0, 0, 0, 0, 0, 0, 10, 95
"/Users/vu/polarisec.com/layouts/services/Introduction.vue", "Vue", 0, 0, 56, 0, 0, 0, 0, 0, 0, 8, 64
"/Users/vu/polarisec.com/layouts/services/PCIDSSaudit/PCIDSSAuditScreen.vue", "Vue", 0, 0, 51, 0, 0, 0, 0, 0, 0, 8, 59
"/Users/vu/polarisec.com/layouts/services/PCIDSSaudit/WhatWeDo.vue", "Vue", 0, 0, 107, 0, 0, 0, 0, 0, 0, 10, 117
"/Users/vu/polarisec.com/layouts/whyus/FeaturesComparison.vue", "Vue", 0, 0, 53, 0, 0, 0, 0, 0, 0, 7, 60
"/Users/vu/polarisec.com/layouts/whyus/FeaturesComparisonDetail.vue", "Vue", 0, 0, 472, 0, 0, 0, 0, 0, 0, 8, 480
"/Users/vu/polarisec.com/layouts/whyus/FeaturesComparisonTable.vue", "Vue", 0, 0, 48, 0, 0, 0, 0, 0, 0, 9, 57
"/Users/vu/polarisec.com/layouts/whyus/Testimonials.vue", "Vue", 0, 0, 118, 0, 0, 0, 0, 0, 0, 19, 137
"/Users/vu/polarisec.com/locales/en.js", "JavaScript", 0, 0, 0, 0, 0, 0, 537, 0, 0, 6, 543
"/Users/vu/polarisec.com/locales/vi.js", "JavaScript", 0, 0, 0, 0, 0, 0, 520, 0, 0, 5, 525
"/Users/vu/polarisec.com/nuxt.config.js", "JavaScript", 0, 0, 0, 0, 0, 0, 116, 0, 12, 14, 142
"/Users/vu/polarisec.com/package-lock.json", "JSON", 0, 0, 0, 0, 25252, 0, 0, 0, 0, 1, 25253
"/Users/vu/polarisec.com/package.json", "JSON", 0, 0, 0, 0, 40, 0, 0, 0, 0, 1, 41
"/Users/vu/polarisec.com/pages/404.vue", "Vue", 0, 0, 56, 0, 0, 0, 0, 0, 0, 11, 67
"/Users/vu/polarisec.com/pages/GDPR.vue", "Vue", 0, 0, 14, 0, 0, 0, 0, 0, 0, 7, 21
"/Users/vu/polarisec.com/pages/ISMA.vue", "Vue", 0, 0, 14, 0, 0, 0, 0, 0, 0, 6, 20
"/Users/vu/polarisec.com/pages/ISO-27001.vue", "Vue", 0, 0, 14, 0, 0, 0, 0, 0, 0, 7, 21
"/Users/vu/polarisec.com/pages/PCI-DSS.vue", "Vue", 0, 0, 14, 0, 0, 0, 0, 0, 0, 6, 20
"/Users/vu/polarisec.com/pages/_.vue", "Vue", 0, 0, 14, 0, 0, 0, 0, 0, 0, 6, 20
"/Users/vu/polarisec.com/pages/company.vue", "Vue", 0, 0, 31, 0, 0, 0, 0, 0, 0, 5, 36
"/Users/vu/polarisec.com/pages/contact.vue", "Vue", 0, 0, 296, 0, 0, 0, 0, 0, 0, 32, 328
"/Users/vu/polarisec.com/pages/home.vue", "Vue", 0, 0, 57, 0, 0, 0, 0, 0, 0, 7, 64
"/Users/vu/polarisec.com/pages/incident-response.vue", "Vue", 0, 0, 14, 0, 0, 0, 0, 0, 0, 6, 20
"/Users/vu/polarisec.com/pages/index.vue", "Vue", 0, 0, 20, 0, 0, 0, 0, 0, 0, 5, 25
"/Users/vu/polarisec.com/pages/partner.vue", "Vue", 0, 0, 28, 0, 0, 0, 0, 0, 0, 6, 34
"/Users/vu/polarisec.com/pages/questions.vue", "Vue", 0, 0, 71, 0, 0, 0, 0, 0, 0, 12, 83
"/Users/vu/polarisec.com/pages/recommendation.vue", "Vue", 0, 0, 157, 0, 0, 0, 0, 0, 0, 18, 175
"/Users/vu/polarisec.com/pages/terms.vue", "Vue", 0, 0, 226, 0, 0, 0, 0, 0, 0, 22, 248
"/Users/vu/polarisec.com/pages/web-protection-platform.vue", "Vue", 0, 0, 28, 0, 0, 0, 0, 0, 0, 6, 34
"/Users/vu/polarisec.com/pages/web-protection.vue", "Vue", 0, 0, 41, 0, 0, 0, 0, 0, 0, 7, 48
"/Users/vu/polarisec.com/pages/whyus.vue", "Vue", 0, 0, 160, 0, 0, 0, 0, 0, 0, 24, 184
"/Users/vu/polarisec.com/plugins/preview.client.js", "JavaScript", 0, 0, 0, 0, 0, 0, 5, 0, 0, 1, 6
"/Users/vu/polarisec.com/plugins/vClickOutside.js", "JavaScript", 0, 0, 0, 0, 0, 0, 3, 0, 0, 2, 5
"/Users/vu/polarisec.com/plugins/vueImagePreloaderInstaller.js", "JavaScript", 0, 0, 0, 0, 0, 0, 3, 0, 0, 1, 4
"/Users/vu/polarisec.com/sfc.d.ts", "TypeScript", 6, 0, 0, 0, 0, 0, 0, 0, 0, 2, 8
"/Users/vu/polarisec.com/store/README.md", "Markdown", 0, 6, 0, 0, 0, 0, 0, 0, 0, 5, 11
"/Users/vu/polarisec.com/store/index.ts", "TypeScript", 17, 0, 0, 0, 0, 0, 0, 0, 0, 6, 23
"/Users/vu/polarisec.com/tsconfig.json", "JSON with Comments", 0, 0, 0, 20, 0, 0, 0, 0, 20, 0, 40
"Total", "-", 23, 46, 8367, 20, 25292, 27, 1199, 108, 50, 1120, 36252